datetime,temp,press,alt
2019-05-13 11:19:45.111125,31.8,1009.0,7.1
2019-05-13 11:19:45.350709,31.8,1009.0,6.76
2019-05-13 11:19:45.590303,31.9,1009.0,6.01
2019-05-13 11:19:45.829940,31.9,1009.0,6.01
2019-05-13 11:19:46.069609,31.9,1009.0,6.68
2019-05-13 11:19:46.309556,31.9,1009.0,7.85
2019-05-13 11:19:46.549384,31.8,1009.0,8.27
2019-05-13 11:19:46.789280,31.8,1009.0,9.52
2019-05-13 11:19:47.029111,31.8,1009.0,8.27
2019-05-13 11:19:47.268964,31.8,1009.0,8.02
2019-05-13 11:19:47.508914,31.8,1009.0,8.6
2019-05-13 11:19:47.748694,31.9,1009.0,7.26
2019-05-13 11:19:47.988535,31.9,1009.0,6.68
2019-05-13 11:19:48.228436,31.9,1009.0,7.35
2019-05-13 11:19:48.468440,32.0,1009.0,6.01
2019-05-13 11:19:48.708059,32.0,1009.0,6.6
2019-05-13 11:19:48.947667,32.0,1009.0,6.43
2019-05-13 11:19:49.187251,32.0,1009.0,7.1
2019-05-13 11:19:49.426859,32.1,1009.0,6.26
2019-05-13 11:19:49.666467,32.0,1009.0,6.01
2019-05-13 11:19:49.906042,32.1,1009.0,6.26
2019-05-13 11:19:50.145644,32.0,1009.0,6.35
2019-05-13 11:19:50.385251,32.0,1009.0,7.1
2019-05-13 11:19:50.624852,32.0,1009.0,7.85
2019-05-13 11:19:50.864444,32.0,1009.0,6.35
2019-05-13 11:19:51.104040,32.1,1009.0,6.26
2019-05-13 11:19:51.343665,32.1,1009.0,6.68
2019-05-13 11:19:51.583271,32.1,1009.0,6.26
2019-05-13 11:19:51.822946,32.1,1009.0,6.6
2019-05-13 11:19:52.062559,32.1,1009.0,6.68
2019-05-13 11:19:52.302221,32.1,1009.0,6.26
2019-05-13 11:19:52.541819,32.1,1009.0,5.76
2019-05-13 11:19:52.781457,32.1,1009.0,7.1
2019-05-13 11:19:53.021113,32.1,1009.0,8.69
2019-05-13 11:19:53.260715,32.1,1009.0,7.93
2019-05-13 11:19:53.500418,32.1,1009.0,7.85
2019-05-13 11:19:53.740040,32.1,1009.0,8.18
2019-05-13 11:19:53.979634,32.1,1009.0,7.85
2019-05-13 11:19:54.219219,32.1,1009.0,11.02
2019-05-13 11:19:54.458792,32.1,1009.0,9.85
2019-05-13 11:19:54.698428,32.2,1009.0,8.6
2019-05-13 11:19:54.938074,32.2,1009.0,8.35
2019-05-13 11:19:55.177671,32.2,1009.0,8.18
2019-05-13 11:19:55.417253,32.3,1009.0,7.77
2019-05-13 11:19:55.656853,32.3,1009.0,8.27
2019-05-13 11:19:55.896455,32.3,1009.0,8.27
2019-05-13 11:19:56.136051,32.3,1009.0,6.76
2019-05-13 11:19:56.375629,32.3,1009.0,7.52
2019-05-13 11:19:56.615239,32.3,1009.0,7.43
2019-05-13 11:19:56.854839,32.4,1009.0,7.93
2019-05-13 11:19:57.094430,32.4,1009.0,8.52
2019-05-13 11:19:57.333999,32.3,1009.0,10.94
2019-05-13 11:19:57.573586,32.4,1009.0,7.77
2019-05-13 11:19:57.813293,32.4,1009.0,9.02
2019-05-13 11:19:58.053021,32.5,1009.0,8.43
2019-05-13 11:19:58.292918,32.5,1009.0,7.26
2019-05-13 11:19:58.532853,32.4,1009.0,8.69
2019-05-13 11:19:58.772508,32.4,1009.0,7.26
2019-05-13 11:19:59.012182,32.4,1009.0,8.43
2019-05-13 11:19:59.251755,32.5,1009.0,7.52
2019-05-13 11:19:59.491428,32.4,1009.0,10.44
2019-05-13 11:19:59.731071,32.4,1009.0,8.43
2019-05-13 11:19:59.970673,32.4,1009.0,8.1
2019-05-13 11:20:00.210245,32.5,1009.0,7.6
2019-05-13 11:20:00.449876,32.5,1009.0,8.02
2019-05-13 11:20:00.689466,32.5,1009.0,9.77
2019-05-13 11:20:00.929112,32.5,1009.0,8.1
2019-05-13 11:20:01.168705,32.6,1009.0,7.6
2019-05-13 11:20:01.408392,32.6,1009.0,8.85
2019-05-13 11:20:01.648017,32.6,1009.0,7.77
2019-05-13 11:20:01.887605,32.5,1009.0,8.85
2019-05-13 11:20:02.127207,32.5,1009.0,11.61
2019-05-13 11:20:02.366801,32.5,1009.0,9.77
2019-05-13 11:20:02.606471,32.6,1009.0,8.1
2019-05-13 11:20:02.846366,32.7,1009.0,7.1
2019-05-13 11:20:03.086184,32.7,1009.0,7.35
2019-05-13 11:20:03.326114,32.7,1009.0,8.1
2019-05-13 11:20:03.565990,32.7,1009.0,7.35
2019-05-13 11:20:03.805714,32.6,1009.0,9.02
2019-05-13 11:20:04.045535,32.7,1009.0,6.85
2019-05-13 11:20:04.285418,32.7,1009.0,8.77
2019-05-13 11:20:04.525312,32.7,1009.0,7.6
2019-05-13 11:20:04.765146,32.7,1009.0,9.1
2019-05-13 11:20:05.005044,32.8,1009.0,7.43
2019-05-13 11:20:05.244623,32.8,1009.0,8.43
2019-05-13 11:20:05.484554,32.8,1009.0,7.18
2019-05-13 11:20:05.724383,32.8,1009.0,9.02
2019-05-13 11:20:05.964255,32.8,1009.0,7.6
2019-05-13 11:20:06.203826,32.8,1009.0,7.68
2019-05-13 11:20:06.443692,32.9,1009.0,7.01
2019-05-13 11:20:06.683587,32.9,1009.0,6.43
2019-05-13 11:20:06.923432,32.9,1009.0,7.18
2019-05-13 11:20:07.163329,32.9,1009.0,7.18
2019-05-13 11:20:07.403191,32.8,1009.0,8.6
2019-05-13 11:20:07.643248,32.9,1009.0,7.43
2019-05-13 11:20:07.883292,32.9,1009.0,6.43
2019-05-13 11:20:08.123207,32.9,1009.0,7.26
2019-05-13 11:20:08.363140,32.9,1009.0,7.93
2019-05-13 11:20:08.603006,32.9,1009.0,7.26
2019-05-13 11:20:08.842652,32.9,1009.0,8.1
2019-05-13 11:20:09.082311,32.9,1009.0,8.6
2019-05-13 11:20:09.321886,32.9,1009.0,8.1
2019-05-13 11:20:09.561577,32.9,1009.0,8.18
2019-05-13 11:20:09.801305,33.0,1009.0,7.18
2019-05-13 11:20:10.041094,32.8,1009.0,10.52
2019-05-13 11:20:10.280889,32.9,1009.0,10.77
2019-05-13 11:20:10.520758,32.9,1009.0,8.6
2019-05-13 11:20:10.760665,32.9,1009.0,8.6
2019-05-13 11:20:11.000644,32.9,1009.0,8.18
2019-05-13 11:20:11.240565,32.9,1009.0,7.68
2019-05-13 11:20:11.480409,32.9,1009.0,8.1
2019-05-13 11:20:11.720312,32.8,1009.0,10.11
2019-05-13 11:20:11.960200,32.9,1009.0,9.19
2019-05-13 11:20:12.200126,32.8,1009.0,9.44
2019-05-13 11:20:12.439984,32.9,1009.0,8.69
2019-05-13 11:20:12.679879,32.8,1009.0,11.28
2019-05-13 11:20:12.919796,32.9,1009.0,8.85
2019-05-13 11:20:13.159689,32.9,1009.0,9.19
2019-05-13 11:20:13.399602,32.9,1009.0,9.1
2019-05-13 11:20:13.639477,32.8,1009.0,10.61
2019-05-13 11:20:13.879352,32.8,1009.0,11.36
2019-05-13 11:20:14.118937,32.9,1009.0,8.94
2019-05-13 11:20:14.358576,32.9,1009.0,9.77
2019-05-13 11:20:14.598349,32.8,1009.0,10.27
2019-05-13 11:20:14.838344,32.8,1009.0,10.86
2019-05-13 11:20:15.078254,32.8,1009.0,10.86
2019-05-13 11:20:15.318199,32.7,1009.0,11.11
2019-05-13 11:20:15.558129,32.7,1009.0,11.19
2019-05-13 11:20:15.798040,32.7,1009.0,10.36
2019-05-13 11:20:16.037977,32.7,1009.0,11.44
2019-05-13 11:20:16.277863,32.8,1009.0,10.36
2019-05-13 11:20:16.517749,32.8,1009.0,10.52
2019-05-13 11:20:16.757623,32.7,1009.0,10.36
2019-05-13 11:20:16.997497,32.7,1009.0,11.69
2019-05-13 11:20:17.237385,32.6,1009.0,12.95
2019-05-13 11:20:17.477310,32.6,1009.0,10.77
2019-05-13 11:20:17.717172,32.6,1009.0,11.02
2019-05-13 11:20:17.957062,32.6,1009.0,12.03
2019-05-13 11:20:18.197004,32.6,1009.0,12.28
2019-05-13 11:20:18.436872,32.6,1009.0,11.94
2019-05-13 11:20:18.676787,32.6,1009.0,12.61
2019-05-13 11:20:18.916643,32.6,1009.0,12.86
2019-05-13 11:20:19.156229,32.6,1009.0,12.19
2019-05-13 11:20:19.395842,32.6,1009.0,13.11
2019-05-13 11:20:19.635460,32.6,1009.0,14.2
2019-05-13 11:20:19.875030,32.6,1008.0,12.86
2019-05-13 11:20:20.114620,32.6,1009.0,13.36
2019-05-13 11:20:20.354224,32.6,1008.0,13.36
2019-05-13 11:20:20.594018,32.6,1008.0,13.62
2019-05-13 11:20:20.833922,32.6,1009.0,13.95
2019-05-13 11:20:21.073790,32.5,1008.0,13.95
2019-05-13 11:20:21.313685,32.5,1008.0,13.11
2019-05-13 11:20:21.553567,32.5,1009.0,13.45
2019-05-13 11:20:21.793450,32.5,1008.0,13.36
2019-05-13 11:20:22.033366,32.5,1009.0,13.11
2019-05-13 11:20:22.273169,32.5,1008.0,13.87
2019-05-13 11:20:22.513036,32.5,1009.0,13.2
2019-05-13 11:20:22.752897,32.4,1008.0,15.54
2019-05-13 11:20:22.992749,32.5,1008.0,12.7
2019-05-13 11:20:23.232712,32.4,1008.0,12.95
2019-05-13 11:20:23.472580,32.5,1009.0,11.86
2019-05-13 11:20:23.712445,32.4,1008.0,15.2
2019-05-13 11:20:23.952289,32.4,1008.0,15.79
2019-05-13 11:20:24.192261,32.4,1008.0,12.11
2019-05-13 11:20:24.432169,32.5,1009.0,12.36
2019-05-13 11:20:24.672153,32.5,1009.0,11.19
2019-05-13 11:20:24.912030,32.5,1009.0,13.36
2019-05-13 11:20:25.152106,32.4,1008.0,12.95
2019-05-13 11:20:25.392277,32.4,1008.0,12.86
2019-05-13 11:20:25.632143,32.4,1008.0,13.53
2019-05-13 11:20:25.872005,32.4,1008.0,13.36
2019-05-13 11:20:26.112022,32.4,1009.0,12.86
2019-05-13 11:20:26.352010,32.5,1009.0,12.36
2019-05-13 11:20:26.591989,32.4,1009.0,13.62
2019-05-13 11:20:26.831889,32.4,1008.0,14.87
2019-05-13 11:20:27.071866,32.3,1008.0,13.28
2019-05-13 11:20:27.311781,32.4,1009.0,12.86
2019-05-13 11:20:27.551692,32.4,1008.0,14.37
2019-05-13 11:20:27.791670,32.4,1008.0,16.54
2019-05-13 11:20:28.030499,32.4,1008.0,14.03
2019-05-13 11:20:28.269405,32.5,1008.0,12.95
2019-05-13 11:20:28.509167,32.5,1009.0,13.11
2019-05-13 11:20:28.749119,32.4,1009.0,13.2
2019-05-13 11:20:28.988981,32.4,1008.0,14.28
2019-05-13 11:20:29.228897,32.4,1009.0,12.95
2019-05-13 11:20:29.468729,32.4,1009.0,12.7
2019-05-13 11:20:29.708599,32.4,1008.0,13.53
2019-05-13 11:20:29.948458,32.3,1008.0,13.78
2019-05-13 11:20:30.188439,32.4,1009.0,12.36
2019-05-13 11:20:30.428327,32.4,1009.0,12.11
2019-05-13 11:20:30.668232,32.4,1009.0,12.36
2019-05-13 11:20:30.908100,32.4,1009.0,11.69
2019-05-13 11:20:31.147976,32.4,1009.0,13.11
2019-05-13 11:20:31.387827,32.3,1009.0,11.94
2019-05-13 11:20:31.627676,32.3,1009.0,12.11
2019-05-13 11:20:31.867550,32.3,1009.0,11.19
2019-05-13 11:20:32.107409,32.3,1009.0,12.03
2019-05-13 11:20:32.347384,32.3,1009.0,11.69
2019-05-13 11:20:32.587299,32.3,1009.0,11.44
2019-05-13 11:20:32.827155,32.3,1009.0,11.78
2019-05-13 11:20:33.067024,32.3,1009.0,10.61
2019-05-13 11:20:33.306877,32.2,1009.0,11.11
2019-05-13 11:20:33.546749,32.2,1009.0,12.53
2019-05-13 11:20:33.786603,32.1,1009.0,13.28
2019-05-13 11:20:34.026502,32.1,1009.0,12.53
2019-05-13 11:20:34.266360,32.1,1009.0,12.28
2019-05-13 11:20:34.506211,32.1,1009.0,13.03
2019-05-13 11:20:34.746098,32.1,1008.0,13.45
2019-05-13 11:20:34.985947,32.1,1008.0,13.45
2019-05-13 11:20:35.225826,32.0,1008.0,13.95
2019-05-13 11:20:35.465689,32.1,1009.0,12.7
2019-05-13 11:20:35.705610,32.1,1008.0,12.36
2019-05-13 11:20:35.945536,32.2,1009.0,12.03
2019-05-13 11:20:36.185428,32.1,1009.0,13.03
2019-05-13 11:20:36.425324,32.0,1008.0,13.95
2019-05-13 11:20:36.665243,32.1,1009.0,12.03
2019-05-13 11:20:36.905115,32.1,1009.0,11.78
2019-05-13 11:20:37.144995,32.0,1009.0,13.28
2019-05-13 11:20:37.384856,32.0,1009.0,11.78
2019-05-13 11:20:37.624721,32.0,1009.0,10.27
2019-05-13 11:20:37.864679,32.0,1009.0,12.45
2019-05-13 11:20:38.104599,31.9,1009.0,12.7
2019-05-13 11:20:38.344693,32.0,1009.0,11.44
2019-05-13 11:20:38.584629,32.0,1009.0,10.52
2019-05-13 11:20:38.824666,31.9,1009.0,12.19
2019-05-13 11:20:39.064628,31.9,1009.0,12.78
2019-05-13 11:20:39.304602,31.9,1009.0,13.03
2019-05-13 11:20:39.544565,32.0,1009.0,11.69
2019-05-13 11:20:39.784417,31.9,1009.0,12.28
2019-05-13 11:20:40.024213,31.9,1009.0,11.44
2019-05-13 11:20:40.263885,31.9,1009.0,12.53
2019-05-13 11:20:40.503709,31.9,1009.0,10.36
2019-05-13 11:20:40.743600,31.9,1009.0,10.52
2019-05-13 11:20:40.983349,31.9,1009.0,11.53
2019-05-13 11:20:41.222967,31.9,1009.0,10.27
2019-05-13 11:20:41.462588,31.9,1009.0,11.02
2019-05-13 11:20:41.702189,31.8,1008.0,13.2
2019-05-13 11:20:41.942018,31.9,1009.0,10.52
2019-05-13 11:20:42.182002,31.9,1009.0,10.44
2019-05-13 11:20:42.421722,31.9,1009.0,11.53
2019-05-13 11:20:42.661421,31.9,1009.0,10.69
2019-05-13 11:20:42.901077,31.9,1009.0,9.52
2019-05-13 11:20:43.140704,31.9,1009.0,9.77
2019-05-13 11:20:43.380385,31.9,1009.0,10.44
2019-05-13 11:20:43.620183,31.9,1009.0,10.27
2019-05-13 11:20:43.859860,31.9,1009.0,11.19
2019-05-13 11:20:44.099480,31.9,1009.0,12.03
2019-05-13 11:20:44.339520,31.8,1009.0,12.36
2019-05-13 11:20:44.579343,31.8,1009.0,11.28
2019-05-13 11:20:44.819181,31.9,1009.0,11.28
2019-05-13 11:20:45.059094,31.9,1009.0,11.69
2019-05-13 11:20:45.299316,31.9,1009.0,11.78
2019-05-13 11:20:45.539412,31.8,1009.0,12.03
2019-05-13 11:20:45.779009,31.9,1009.0,12.45
2019-05-13 11:20:46.018638,31.9,1009.0,11.94
2019-05-13 11:20:46.258447,31.9,1009.0,12.28
2019-05-13 11:20:46.498304,31.8,1009.0,13.95
2019-05-13 11:20:46.738225,32.0,1009.0,11.53
2019-05-13 11:20:46.978101,31.9,1009.0,13.2
2019-05-13 11:20:47.217989,31.8,1008.0,15.37
2019-05-13 11:20:47.457818,31.8,1008.0,14.7
2019-05-13 11:20:47.697666,31.9,1009.0,12.95
2019-05-13 11:20:47.937523,31.9,1009.0,11.94
2019-05-13 11:20:48.177389,31.9,1009.0,12.78
2019-05-13 11:20:48.417219,31.9,1009.0,13.95
2019-05-13 11:20:48.657094,31.9,1009.0,13.45
2019-05-13 11:20:48.896989,31.8,1008.0,15.12
2019-05-13 11:20:49.136853,31.9,1009.0,12.19
2019-05-13 11:20:49.376770,31.9,1009.0,12.7
2019-05-13 11:20:49.616761,31.9,1009.0,12.78
2019-05-13 11:20:49.856656,31.9,1009.0,12.53
2019-05-13 11:20:50.096550,31.9,1009.0,12.53
2019-05-13 11:20:50.336547,31.9,1008.0,14.87
2019-05-13 11:20:50.576453,31.9,1009.0,12.7
2019-05-13 11:20:50.816325,31.9,1009.0,12.19
2019-05-13 11:20:51.056180,31.9,1009.0,11.78
2019-05-13 11:20:51.296044,31.8,1009.0,12.61
2019-05-13 11:20:51.535911,31.8,1009.0,12.36
2019-05-13 11:20:51.775788,31.8,1009.0,12.03
2019-05-13 11:20:52.015642,31.8,1009.0,13.2
2019-05-13 11:20:52.255506,31.7,1009.0,12.19
2019-05-13 11:20:52.495396,31.7,1009.0,12.61
2019-05-13 11:20:52.735253,31.7,1009.0,11.36
2019-05-13 11:20:52.975145,31.7,1009.0,13.87
2019-05-13 11:20:53.215080,31.6,1008.0,14.37
2019-05-13 11:20:53.454931,31.6,1008.0,13.28
2019-05-13 11:20:53.694784,31.6,1009.0,13.28
2019-05-13 11:20:53.934639,31.6,1009.0,12.86
2019-05-13 11:20:54.174595,31.7,1009.0,11.44
2019-05-13 11:20:54.414545,31.6,1009.0,11.69
2019-05-13 11:20:54.654405,31.6,1009.0,10.44
2019-05-13 11:20:54.894289,31.6,1009.0,12.11
2019-05-13 11:20:55.134122,31.5,1008.0,13.03
2019-05-13 11:20:55.374003,31.4,1008.0,14.03
2019-05-13 11:20:55.613855,31.5,1009.0,13.53
2019-05-13 11:20:55.853708,31.4,1009.0,12.28
2019-05-13 11:20:56.093860,31.5,1009.0,12.61
2019-05-13 11:20:56.333842,31.5,1009.0,12.36
2019-05-13 11:20:56.573728,31.4,1009.0,13.03
2019-05-13 11:20:56.813530,31.4,1009.0,13.03
2019-05-13 11:20:57.053323,31.4,1008.0,14.03
2019-05-13 11:20:57.293196,31.4,1009.0,12.53
2019-05-13 11:20:57.533052,31.4,1008.0,13.95
2019-05-13 11:20:57.772808,31.4,1008.0,12.61
2019-05-13 11:20:58.012568,31.4,1009.0,13.36
2019-05-13 11:20:58.252375,31.4,1008.0,14.03
2019-05-13 11:20:58.492210,31.4,1008.0,14.28
2019-05-13 11:20:58.731854,31.4,1008.0,15.45
2019-05-13 11:20:58.971735,31.4,1008.0,13.11
2019-05-13 11:20:59.211725,31.4,1008.0,14.28
2019-05-13 11:20:59.451690,31.4,1008.0,14.03
2019-05-13 11:20:59.691648,31.4,1008.0,14.79
2019-05-13 11:20:59.931552,31.4,1008.0,14.53
2019-05-13 11:21:00.171498,31.4,1008.0,14.45
2019-05-13 11:21:00.411432,31.3,1008.0,16.71
2019-05-13 11:21:00.651409,31.3,1008.0,16.62
2019-05-13 11:21:00.891340,31.3,1008.0,16.04
2019-05-13 11:21:01.131200,31.4,1008.0,16.37
2019-05-13 11:21:01.371048,31.4,1008.0,14.2
2019-05-13 11:21:01.611019,31.4,1008.0,16.04
2019-05-13 11:21:01.851042,31.4,1008.0,16.88
2019-05-13 11:21:02.090850,31.4,1008.0,17.21
2019-05-13 11:21:02.331509,31.4,1008.0,16.46
2019-05-13 11:21:02.572219,31.3,1008.0,19.8
2019-05-13 11:21:02.812753,31.3,1008.0,16.71
2019-05-13 11:21:03.052567,31.3,1008.0,16.96
2019-05-13 11:21:03.292412,31.4,1008.0,16.04
2019-05-13 11:21:03.532018,31.3,1008.0,17.71
2019-05-13 11:21:03.771713,31.3,1008.0,19.97
2019-05-13 11:21:04.011418,31.3,1008.0,18.88
2019-05-13 11:21:04.251061,31.3,1008.0,18.13
2019-05-13 11:21:04.490981,31.3,1008.0,18.13
2019-05-13 11:21:04.730869,31.3,1008.0,18.8
2019-05-13 11:21:04.970730,31.3,1008.0,19.05
2019-05-13 11:21:05.210668,31.3,1008.0,19.55
2019-05-13 11:21:05.450519,31.2,1008.0,19.47
2019-05-13 11:21:05.690451,31.3,1008.0,19.72
2019-05-13 11:21:05.930349,31.2,1008.0,19.3
2019-05-13 11:21:06.170237,31.3,1008.0,17.96
2019-05-13 11:21:06.410161,31.3,1008.0,19.22
2019-05-13 11:21:06.650084,31.2,1008.0,20.22
2019-05-13 11:21:06.889955,31.2,1008.0,20.3
2019-05-13 11:21:07.129856,31.2,1008.0,20.81
2019-05-13 11:21:07.369777,31.2,1008.0,20.81
2019-05-13 11:21:07.609620,31.2,1008.0,20.3
2019-05-13 11:21:07.849606,31.2,1008.0,20.05
2019-05-13 11:21:08.089509,31.2,1008.0,19.47
2019-05-13 11:21:08.329380,31.2,1008.0,18.97
2019-05-13 11:21:08.569338,31.2,1008.0,19.72
2019-05-13 11:21:08.824446,31.2,1008.0,19.3
2019-05-13 11:21:09.064587,31.2,1008.0,20.05
2019-05-13 11:21:09.304586,31.1,1008.0,20.64
2019-05-13 11:21:09.544626,31.1,1008.0,20.39
2019-05-13 11:21:09.784614,31.1,1008.0,20.22
2019-05-13 11:21:10.024588,31.1,1008.0,19.97
2019-05-13 11:21:10.264600,31.1,1008.0,20.47
2019-05-13 11:21:10.504608,31.1,1008.0,20.39
2019-05-13 11:21:10.744611,31.1,1008.0,20.64
2019-05-13 11:21:10.984566,31.0,1008.0,20.14
2019-05-13 11:21:11.224618,31.1,1008.0,20.39
2019-05-13 11:21:11.464211,31.0,1008.0,20.64
2019-05-13 11:21:11.703800,31.1,1008.0,19.47
2019-05-13 11:21:11.943680,31.0,1008.0,21.22
2019-05-13 11:21:12.183554,31.0,1008.0,21.39
2019-05-13 11:21:12.423445,31.1,1008.0,19.55
2019-05-13 11:21:12.663396,31.0,1008.0,21.14
2019-05-13 11:21:12.903277,31.1,1008.0,20.14
2019-05-13 11:21:13.142965,31.1,1008.0,20.72
2019-05-13 11:21:13.382587,31.0,1008.0,20.39
2019-05-13 11:21:13.622223,31.0,1008.0,20.89
2019-05-13 11:21:13.862157,31.0,1008.0,20.39
2019-05-13 11:21:14.101865,31.0,1008.0,20.22
2019-05-13 11:21:14.341801,31.0,1008.0,21.22
2019-05-13 11:21:14.582525,31.0,1008.0,19.97
2019-05-13 11:21:14.822417,31.0,1008.0,21.48
2019-05-13 11:21:15.062353,31.0,1008.0,20.39
2019-05-13 11:21:15.302003,31.0,1008.0,20.89
2019-05-13 11:21:15.541721,31.0,1008.0,20.22
2019-05-13 11:21:15.781426,31.0,1008.0,20.72
2019-05-13 11:21:16.021083,30.9,1008.0,20.22
2019-05-13 11:21:16.260708,31.0,1008.0,19.22
2019-05-13 11:21:16.500550,31.0,1008.0,19.97
2019-05-13 11:21:16.740161,31.0,1008.0,19.97
2019-05-13 11:21:16.979790,31.0,1008.0,20.64
2019-05-13 11:21:17.219416,30.9,1008.0,20.14
2019-05-13 11:21:17.458999,30.9,1008.0,20.22
2019-05-13 11:21:17.698650,31.0,1008.0,19.64
2019-05-13 11:21:17.938375,30.9,1008.0,20.14
2019-05-13 11:21:18.178003,31.0,1008.0,19.47
2019-05-13 11:21:18.417603,30.9,1008.0,19.38
2019-05-13 11:21:18.657215,30.9,1008.0,20.14
2019-05-13 11:21:18.896827,30.8,1007.0,21.81
2019-05-13 11:21:19.136463,30.9,1008.0,21.89
2019-05-13 11:21:19.376114,30.9,1008.0,21.31
2019-05-13 11:21:19.615699,30.9,1008.0,21.81
2019-05-13 11:21:19.855315,31.0,1008.0,20.14
2019-05-13 11:21:20.094930,31.0,1008.0,19.89
2019-05-13 11:21:20.334603,31.0,1008.0,21.89
2019-05-13 11:21:20.574228,30.9,1007.0,22.48
2019-05-13 11:21:20.813857,31.0,1008.0,20.47
2019-05-13 11:21:21.053493,31.0,1008.0,20.39
2019-05-13 11:21:21.293099,31.0,1008.0,19.97
2019-05-13 11:21:21.532719,31.0,1008.0,20.89
2019-05-13 11:21:21.772616,31.0,1008.0,21.89
2019-05-13 11:21:22.012526,31.0,1008.0,20.89
2019-05-13 11:21:22.252300,31.0,1008.0,22.14
2019-05-13 11:21:22.492143,31.0,1007.0,22.81
2019-05-13 11:21:22.731426,31.1,1008.0,19.89
2019-05-13 11:21:22.970574,31.1,1008.0,19.72
2019-05-13 11:21:23.209609,31.0,1008.0,21.39
2019-05-13 11:21:23.449379,31.0,1007.0,21.73
2019-05-13 11:21:23.689456,31.0,1008.0,21.64
2019-05-13 11:21:23.928604,30.9,1008.0,22.73
2019-05-13 11:21:24.167404,31.0,1008.0,21.98
2019-05-13 11:21:24.406314,31.0,1008.0,21.73
2019-05-13 11:21:24.645776,31.0,1007.0,21.48
2019-05-13 11:21:24.885513,31.0,1008.0,22.73
2019-05-13 11:21:25.125146,30.9,1007.0,23.06
2019-05-13 11:21:25.364821,30.9,1007.0,22.81
2019-05-13 11:21:25.604535,30.9,1007.0,21.98
2019-05-13 11:21:25.844136,30.9,1008.0,21.73
2019-05-13 11:21:26.083720,30.9,1007.0,23.32
2019-05-13 11:21:26.323357,30.9,1007.0,23.98
2019-05-13 11:21:26.562963,30.9,1007.0,23.06
2019-05-13 11:21:26.802554,31.0,1008.0,21.64
2019-05-13 11:21:27.042213,31.0,1007.0,23.48
2019-05-13 11:21:27.282125,30.9,1007.0,22.73
2019-05-13 11:21:27.521799,31.0,1007.0,22.48
2019-05-13 11:21:27.765060,31.0,1007.0,23.32
2019-05-13 11:21:28.004518,31.0,1007.0,23.32
2019-05-13 11:21:28.243313,31.0,1007.0,23.98
2019-05-13 11:21:28.482159,31.0,1007.0,23.23
2019-05-13 11:21:28.721554,31.0,1007.0,24.07
2019-05-13 11:21:28.961157,31.0,1007.0,22.56
2019-05-13 11:21:29.200732,31.0,1007.0,22.14
2019-05-13 11:21:29.440356,30.9,1007.0,24.57
2019-05-13 11:21:29.679960,31.0,1007.0,23.06
2019-05-13 11:21:29.919576,31.0,1007.0,23.57
2019-05-13 11:21:30.159184,30.9,1007.0,24.74
2019-05-13 11:21:30.398809,30.9,1007.0,24.57
2019-05-13 11:21:30.638412,30.9,1007.0,24.74
2019-05-13 11:21:30.878926,30.9,1007.0,25.16
2019-05-13 11:21:31.118536,30.9,1007.0,23.32
2019-05-13 11:21:31.358404,31.0,1007.0,22.73
2019-05-13 11:21:31.598011,31.0,1007.0,23.98
2019-05-13 11:21:31.837616,31.0,1007.0,24.74
2019-05-13 11:21:32.077240,31.0,1007.0,24.49
2019-05-13 11:21:32.316845,31.0,1007.0,24.74
2019-05-13 11:21:32.556433,31.1,1007.0,22.4
2019-05-13 11:21:32.796043,31.1,1007.0,23.57
2019-05-13 11:21:33.035659,31.1,1007.0,23.15
2019-05-13 11:21:33.275288,31.0,1007.0,24.74
2019-05-13 11:21:33.514876,31.0,1007.0,23.73
2019-05-13 11:21:33.754564,31.1,1007.0,23.82
2019-05-13 11:21:33.994173,31.1,1007.0,23.48
2019-05-13 11:21:34.233777,31.0,1007.0,24.32
2019-05-13 11:21:34.474062,31.0,1007.0,24.07
2019-05-13 11:21:34.714153,31.1,1007.0,22.65
2019-05-13 11:21:34.954296,31.0,1007.0,23.73
2019-05-13 11:21:35.194362,31.0,1007.0,23.57
2019-05-13 11:21:35.433952,31.0,1007.0,24.07
2019-05-13 11:21:35.673602,31.0,1007.0,23.57
2019-05-13 11:21:35.913671,31.0,1007.0,23.32
2019-05-13 11:21:36.153583,31.0,1007.0,23.06
2019-05-13 11:21:36.393547,31.0,1007.0,23.48
2019-05-13 11:21:36.633555,30.9,1007.0,23.73
2019-05-13 11:21:36.873638,31.0,1007.0,23.06
2019-05-13 11:21:37.113603,30.9,1007.0,22.73
2019-05-13 11:21:37.353554,30.9,1007.0,21.98
2019-05-13 11:21:37.593434,30.9,1007.0,22.48
2019-05-13 11:21:37.833229,30.9,1008.0,21.48
2019-05-13 11:21:38.073121,30.9,1007.0,22.48
2019-05-13 11:21:38.313031,30.9,1007.0,22.06
2019-05-13 11:21:38.553034,30.9,1007.0,19.64
2019-05-13 11:21:38.792867,30.9,1007.0,21.98
2019-05-13 11:21:39.032770,30.9,1008.0,20.97
2019-05-13 11:21:39.272731,30.9,1008.0,21.56
2019-05-13 11:21:39.512669,30.9,1008.0,21.31
2019-05-13 11:21:39.752540,30.9,1008.0,21.81
2019-05-13 11:21:39.992433,30.9,1008.0,20.72
2019-05-13 11:21:40.232313,30.9,1008.0,21.31
2019-05-13 11:21:40.472228,30.9,1008.0,21.39
2019-05-13 11:21:40.712196,30.9,1008.0,20.72
2019-05-13 11:21:40.952162,30.9,1008.0,21.22
2019-05-13 11:21:41.192145,30.9,1008.0,20.97
2019-05-13 11:21:41.432008,30.9,1008.0,20.97
2019-05-13 11:21:41.671988,31.0,1008.0,19.97
2019-05-13 11:21:41.911912,30.9,1008.0,20.64
2019-05-13 11:21:42.151867,30.9,1008.0,21.64
2019-05-13 11:21:42.391865,31.0,1008.0,20.39
2019-05-13 11:21:42.631851,31.0,1008.0,21.14
2019-05-13 11:21:42.871921,31.0,1008.0,20.97
2019-05-13 11:21:43.112025,30.9,1008.0,21.39
2019-05-13 11:21:43.351992,31.0,1008.0,21.14
2019-05-13 11:21:43.592006,31.0,1008.0,19.89
2019-05-13 11:21:43.831840,31.0,1008.0,19.89
2019-05-13 11:21:44.071807,31.0,1008.0,19.38
2019-05-13 11:21:44.311782,31.0,1008.0,21.39
2019-05-13 11:21:44.551762,31.0,1008.0,21.14
2019-05-13 11:21:44.791669,30.9,1007.0,21.73
2019-05-13 11:21:45.031655,31.0,1008.0,20.72
2019-05-13 11:21:45.271623,31.0,1008.0,19.47
2019-05-13 11:21:45.511689,31.1,1008.0,19.3
2019-05-13 11:21:45.751603,31.1,1008.0,20.64
2019-05-13 11:21:45.991545,31.1,1008.0,19.47
2019-05-13 11:21:46.231506,31.1,1008.0,19.22
2019-05-13 11:21:46.471456,31.1,1008.0,20.47
2019-05-13 11:21:46.711382,31.1,1008.0,20.47
2019-05-13 11:21:46.951152,31.1,1008.0,20.22
2019-05-13 11:21:47.191038,31.1,1008.0,19.55
2019-05-13 11:21:47.431009,31.2,1008.0,19.47
2019-05-13 11:21:47.670954,31.2,1008.0,19.72
2019-05-13 11:21:47.910869,31.2,1008.0,20.89
2019-05-13 11:21:48.150737,31.2,1008.0,20.47
2019-05-13 11:21:48.390588,31.2,1008.0,20.72
2019-05-13 11:21:48.630750,31.2,1008.0,19.97
2019-05-13 11:21:48.870789,31.2,1008.0,20.47
2019-05-13 11:21:49.110754,31.2,1008.0,21.39
2019-05-13 11:21:49.350787,31.2,1008.0,20.56
2019-05-13 11:21:49.590650,31.2,1008.0,20.72
2019-05-13 11:21:49.830247,31.2,1008.0,21.39
2019-05-13 11:21:50.069822,31.2,1007.0,21.89
2019-05-13 11:21:50.309691,31.2,1008.0,20.56
2019-05-13 11:21:50.549449,31.2,1008.0,21.22
2019-05-13 11:21:50.789187,31.3,1008.0,19.47
2019-05-13 11:21:51.029131,31.3,1008.0,20.22
2019-05-13 11:21:51.269086,31.3,1008.0,21.56
2019-05-13 11:21:51.508924,31.3,1008.0,20.72
2019-05-13 11:21:51.748769,31.2,1008.0,21.89
2019-05-13 11:21:51.988687,31.2,1008.0,21.48
2019-05-13 11:21:52.228673,31.2,1008.0,21.73
2019-05-13 11:21:52.468334,31.3,1008.0,21.22
2019-05-13 11:21:52.708089,31.3,1007.0,21.73
2019-05-13 11:21:52.948027,31.2,1007.0,21.06
2019-05-13 11:21:53.187895,31.2,1007.0,23.82
2019-05-13 11:21:53.427727,31.2,1007.0,22.9
2019-05-13 11:21:53.667590,31.2,1007.0,23.15
2019-05-13 11:21:53.907504,31.2,1007.0,23.06
2019-05-13 11:21:54.147310,31.2,1007.0,21.81
2019-05-13 11:21:54.387658,31.2,1007.0,23.32
2019-05-13 11:21:54.628327,31.3,1007.0,21.73
2019-05-13 11:21:54.869082,31.3,1007.0,21.56
2019-05-13 11:21:55.108940,31.2,1007.0,22.31
2019-05-13 11:21:55.348756,31.2,1007.0,23.15
2019-05-13 11:21:55.588464,31.2,1007.0,23.15
2019-05-13 11:21:55.828067,31.2,1007.0,22.9
2019-05-13 11:21:56.067673,31.2,1007.0,22.56
2019-05-13 11:21:56.307265,31.1,1007.0,23.65
2019-05-13 11:21:56.546855,31.2,1007.0,22.56
2019-05-13 11:21:56.786458,31.2,1008.0,22.4
2019-05-13 11:21:57.026078,31.1,1007.0,23.06
2019-05-13 11:21:57.265668,31.2,1008.0,20.81
2019-05-13 11:21:57.505265,31.2,1008.0,21.73
2019-05-13 11:21:57.744874,31.1,1007.0,23.57
2019-05-13 11:21:57.984473,31.2,1008.0,21.22
2019-05-13 11:21:58.224058,31.2,1008.0,21.48
2019-05-13 11:21:58.463685,31.1,1007.0,21.89
2019-05-13 11:21:58.703305,31.1,1007.0,21.39
2019-05-13 11:21:58.942924,31.1,1008.0,20.72
2019-05-13 11:21:59.182532,31.1,1008.0,20.47
2019-05-13 11:21:59.422266,31.1,1008.0,20.39
2019-05-13 11:21:59.661911,31.1,1008.0,20.72
2019-05-13 11:21:59.901591,31.1,1008.0,21.48
2019-05-13 11:22:00.141456,31.1,1008.0,20.72
2019-05-13 11:22:00.381086,31.1,1008.0,20.72
2019-05-13 11:22:00.620707,31.1,1008.0,21.39
2019-05-13 11:22:00.860300,31.1,1008.0,20.89
2019-05-13 11:22:01.099969,31.1,1008.0,20.14
2019-05-13 11:22:01.339567,31.1,1008.0,19.55
2019-05-13 11:22:01.579192,31.0,1008.0,20.89
2019-05-13 11:22:01.818780,31.0,1008.0,21.89
2019-05-13 11:22:02.058436,31.0,1008.0,18.46
2019-05-13 11:22:02.298093,31.0,1008.0,18.97
2019-05-13 11:22:02.538011,31.0,1008.0,20.14
2019-05-13 11:22:02.777851,31.0,1008.0,19.72
2019-05-13 11:22:03.017643,31.0,1008.0,19.72
2019-05-13 11:22:03.257275,31.0,1008.0,19.38
2019-05-13 11:22:03.496888,30.9,1008.0,20.22
2019-05-13 11:22:03.736463,30.9,1007.0,24.24
2019-05-13 11:22:03.976059,31.0,1008.0,19.13
2019-05-13 11:22:04.215675,31.0,1008.0,19.47
2019-05-13 11:22:04.455216,31.0,1008.0,19.89
2019-05-13 11:22:04.694799,30.9,1008.0,19.89
2019-05-13 11:22:04.934421,30.9,1008.0,20.72
2019-05-13 11:22:05.174043,30.9,1008.0,19.89
2019-05-13 11:22:05.414079,30.9,1008.0,19.64
2019-05-13 11:22:05.653972,30.9,1008.0,20.39
2019-05-13 11:22:05.893892,30.8,1008.0,18.97
2019-05-13 11:22:06.133604,30.8,1008.0,20.64
2019-05-13 11:22:06.373598,30.9,1008.0,20.47
2019-05-13 11:22:06.613571,30.8,1007.0,22.98
2019-05-13 11:22:06.853476,30.7,1007.0,22.06
2019-05-13 11:22:07.093114,30.8,1008.0,20.89
2019-05-13 11:22:07.333039,30.8,1007.0,22.48
2019-05-13 11:22:07.572687,30.8,1007.0,21.06
2019-05-13 11:22:07.812287,30.7,1007.0,22.98
2019-05-13 11:22:08.051898,30.8,1008.0,20.64
2019-05-13 11:22:08.291704,30.8,1008.0,20.39
2019-05-13 11:22:08.531359,30.8,1008.0,21.14
2019-05-13 11:22:08.771082,30.7,1007.0,21.64
2019-05-13 11:22:09.010696,30.8,1008.0,20.22
2019-05-13 11:22:09.250311,30.9,1008.0,18.72
2019-05-13 11:22:09.489936,30.9,1008.0,18.88
2019-05-13 11:22:09.729597,30.7,1007.0,22.98
2019-05-13 11:22:09.969236,30.8,1008.0,21.06
2019-05-13 11:22:10.208816,30.9,1008.0,19.13
2019-05-13 11:22:10.448411,30.9,1008.0,21.14
2019-05-13 11:22:10.688017,30.9,1008.0,18.63
2019-05-13 11:22:10.927646,30.9,1008.0,19.22
2019-05-13 11:22:11.167242,30.9,1008.0,19.22
2019-05-13 11:22:11.407015,30.9,1008.0,19.13
2019-05-13 11:22:11.646634,30.9,1008.0,17.63
2019-05-13 11:22:11.886260,30.9,1008.0,17.96
2019-05-13 11:22:12.125857,30.9,1008.0,18.97
2019-05-13 11:22:12.365487,30.9,1008.0,18.88
2019-05-13 11:22:12.605114,30.9,1008.0,18.46
2019-05-13 11:22:12.844734,30.9,1008.0,17.96
2019-05-13 11:22:13.084528,30.8,1008.0,18.88
2019-05-13 11:22:13.324154,30.8,1008.0,18.05
2019-05-13 11:22:13.563776,30.8,1008.0,17.71
2019-05-13 11:22:13.803406,30.8,1008.0,17.71
2019-05-13 11:22:14.042998,30.9,1008.0,17.29
2019-05-13 11:22:14.282683,30.8,1008.0,20.3
2019-05-13 11:22:14.522375,30.8,1008.0,16.54
2019-05-13 11:22:14.761979,30.8,1008.0,18.05
2019-05-13 11:22:15.001638,30.8,1008.0,17.29
2019-05-13 11:22:15.241328,30.8,1008.0,17.46
2019-05-13 11:22:15.481034,30.8,1008.0,16.12
2019-05-13 11:22:15.720692,30.8,1008.0,17.21
2019-05-13 11:22:15.960323,30.8,1008.0,18.46
2019-05-13 11:22:16.199910,30.8,1008.0,17.21
2019-05-13 11:22:16.439513,30.8,1008.0,17.04
2019-05-13 11:22:16.679115,30.8,1008.0,17.04
2019-05-13 11:22:16.918716,30.8,1008.0,18.13
2019-05-13 11:22:17.158429,30.8,1008.0,17.46
2019-05-13 11:22:17.398815,30.8,1008.0,17.04
2019-05-13 11:22:17.639397,30.8,1008.0,16.96
2019-05-13 11:22:17.880031,30.8,1008.0,19.13
2019-05-13 11:22:18.120659,30.8,1008.0,17.54
2019-05-13 11:22:18.360277,30.8,1008.0,17.04
2019-05-13 11:22:18.599958,30.8,1008.0,17.54
2019-05-13 11:22:18.839564,30.9,1008.0,17.29
2019-05-13 11:22:19.079176,30.8,1008.0,19.38
2019-05-13 11:22:19.318799,30.8,1008.0,17.46
2019-05-13 11:22:19.558460,30.8,1008.0,17.29
2019-05-13 11:22:19.798065,30.8,1008.0,17.8
2019-05-13 11:22:20.037681,30.8,1008.0,16.54
2019-05-13 11:22:20.277357,30.8,1008.0,17.8
2019-05-13 11:22:20.516936,30.8,1008.0,17.8
2019-05-13 11:22:20.756539,30.9,1008.0,17.46
2019-05-13 11:22:20.996141,30.8,1008.0,17.96
2019-05-13 11:22:21.235762,30.8,1008.0,16.96
2019-05-13 11:22:21.475365,30.9,1008.0,17.46
2019-05-13 11:22:21.714994,30.8,1008.0,17.96
2019-05-13 11:22:21.954631,30.8,1008.0,16.79
2019-05-13 11:22:22.194240,30.8,1008.0,17.21
2019-05-13 11:22:22.433827,30.8,1008.0,17.71
2019-05-13 11:22:22.673443,30.8,1008.0,17.96
2019-05-13 11:22:22.913104,30.8,1008.0,17.21
2019-05-13 11:22:23.152718,30.8,1008.0,17.54
2019-05-13 11:22:23.395440,30.8,1008.0,17.71
2019-05-13 11:22:23.635161,30.8,1008.0,17.29
2019-05-13 11:22:23.874816,30.8,1008.0,17.21
2019-05-13 11:22:24.114644,30.7,1008.0,16.46
2019-05-13 11:22:24.354303,30.8,1008.0,17.04
2019-05-13 11:22:24.593985,30.8,1008.0,17.8
2019-05-13 11:22:24.833679,30.8,1008.0,17.54
2019-05-13 11:22:25.073414,30.8,1008.0,18.05
2019-05-13 11:22:25.313040,30.8,1008.0,17.54
2019-05-13 11:22:25.552693,30.7,1008.0,17.8
2019-05-13 11:22:25.792368,30.8,1008.0,17.96
2019-05-13 11:22:26.032029,30.8,1008.0,17.04
2019-05-13 11:22:26.271793,30.8,1008.0,18.13
2019-05-13 11:22:26.511452,30.8,1008.0,18.05
2019-05-13 11:22:26.751076,30.8,1008.0,16.54
2019-05-13 11:22:26.990689,30.8,1008.0,17.71
2019-05-13 11:22:27.230286,30.8,1008.0,17.21
2019-05-13 11:22:27.470099,30.8,1008.0,17.46
2019-05-13 11:22:27.710283,30.8,1008.0,17.21
2019-05-13 11:22:27.950884,30.8,1008.0,17.04
2019-05-13 11:22:28.189774,30.8,1008.0,17.21
2019-05-13 11:22:28.428567,30.8,1008.0,16.46
2019-05-13 11:22:28.667599,30.6,1008.0,16.71
2019-05-13 11:22:28.907208,30.8,1008.0,17.04
2019-05-13 11:22:29.146829,30.7,1008.0,17.71
2019-05-13 11:22:29.386521,30.7,1008.0,18.63
2019-05-13 11:22:29.626215,30.7,1008.0,17.8
2019-05-13 11:22:29.865820,30.7,1008.0,17.46
2019-05-13 11:22:30.105451,30.7,1008.0,17.8
2019-05-13 11:22:30.345103,30.7,1008.0,17.29
2019-05-13 11:22:30.584742,30.7,1008.0,16.21
2019-05-13 11:22:30.824351,30.6,1008.0,19.13
2019-05-13 11:22:31.063975,30.7,1008.0,17.96
2019-05-13 11:22:31.303603,30.8,1008.0,16.54
2019-05-13 11:22:31.543246,30.7,1008.0,17.96
2019-05-13 11:22:31.782892,30.7,1008.0,17.46
2019-05-13 11:22:32.022524,30.7,1008.0,17.96
2019-05-13 11:22:32.262235,30.7,1008.0,18.72
2019-05-13 11:22:32.502112,30.6,1008.0,20.05
2019-05-13 11:22:32.741744,30.7,1008.0,19.13
2019-05-13 11:22:32.981460,30.7,1008.0,20.3
2019-05-13 11:22:33.221043,30.8,1008.0,19.64
2019-05-13 11:22:33.460667,30.9,1008.0,18.63
2019-05-13 11:22:33.700265,30.8,1008.0,19.89
2019-05-13 11:22:33.940041,30.8,1008.0,19.97
2019-05-13 11:22:34.179655,30.8,1008.0,20.64
2019-05-13 11:22:34.419449,30.9,1008.0,21.56
2019-05-13 11:22:34.659075,30.9,1007.0,20.97
2019-05-13 11:22:34.898715,31.0,1008.0,20.72
2019-05-13 11:22:35.138450,31.0,1008.0,20.72
2019-05-13 11:22:35.378078,31.0,1008.0,20.47
2019-05-13 11:22:35.617689,31.0,1008.0,19.72
2019-05-13 11:22:35.857327,31.0,1008.0,21.64
2019-05-13 11:22:36.096977,31.0,1008.0,19.72
2019-05-13 11:22:36.336578,31.0,1007.0,22.31
2019-05-13 11:22:36.576148,31.0,1008.0,22.14
2019-05-13 11:22:36.815803,31.1,1007.0,22.06
2019-05-13 11:22:37.055399,31.1,1008.0,19.72
2019-05-13 11:22:37.294969,31.1,1008.0,20.89
2019-05-13 11:22:37.534622,31.1,1008.0,22.31
2019-05-13 11:22:37.774206,31.1,1008.0,20.72
2019-05-13 11:22:38.013815,31.1,1007.0,21.89
2019-05-13 11:22:38.253390,31.1,1007.0,21.64
2019-05-13 11:22:38.493456,31.1,1008.0,21.48
2019-05-13 11:22:38.733355,31.2,1008.0,21.89
2019-05-13 11:22:38.973047,31.2,1008.0,20.97
2019-05-13 11:22:39.212644,31.2,1008.0,20.97
2019-05-13 11:22:39.452502,31.2,1008.0,21.48
2019-05-13 11:22:39.692177,31.2,1008.0,20.97
2019-05-13 11:22:39.931811,31.2,1007.0,21.48
2019-05-13 11:22:40.171482,31.2,1007.0,21.89
2019-05-13 11:22:40.411099,31.2,1007.0,23.65
2019-05-13 11:22:40.650708,31.1,1007.0,23.57
2019-05-13 11:22:40.890338,31.2,1007.0,22.06
2019-05-13 11:22:41.129936,31.1,1007.0,24.32
2019-05-13 11:22:41.369540,31.3,1007.0,21.98
2019-05-13 11:22:41.609159,31.3,1008.0,21.48
2019-05-13 11:22:41.848772,31.2,1007.0,22.81
2019-05-13 11:22:42.088437,31.2,1007.0,23.4
2019-05-13 11:22:42.328049,31.2,1007.0,21.98
2019-05-13 11:22:42.567727,31.2,1007.0,22.14
2019-05-13 11:22:42.807330,31.3,1008.0,20.81
2019-05-13 11:22:43.046868,31.3,1007.0,22.65
2019-05-13 11:22:43.286493,31.3,1007.0,24.4
2019-05-13 11:22:43.526112,31.5,1008.0,21.31
2019-05-13 11:22:43.765764,31.4,1007.0,21.81
2019-05-13 11:22:44.005391,31.3,1007.0,25.83
2019-05-13 11:22:44.245010,31.3,1007.0,25.66
2019-05-13 11:22:44.487754,31.4,1007.0,24.65
2019-05-13 11:22:44.727371,31.4,1007.0,23.23
2019-05-13 11:22:44.966932,31.4,1007.0,23.23
2019-05-13 11:22:45.206582,31.4,1007.0,24.57
2019-05-13 11:22:45.446275,31.4,1007.0,23.4
2019-05-13 11:22:45.685943,31.4,1007.0,24.07
2019-05-13 11:22:45.925611,31.4,1007.0,23.15
2019-05-13 11:22:46.165294,31.3,1007.0,24.4
2019-05-13 11:22:46.405012,31.3,1007.0,23.57
2019-05-13 11:22:46.644661,31.3,1007.0,24.15
2019-05-13 11:22:46.884303,31.3,1007.0,25.32
2019-05-13 11:22:47.123988,31.3,1007.0,24.4
2019-05-13 11:22:47.363687,31.4,1007.0,22.98
2019-05-13 11:22:47.603336,31.4,1007.0,24.15
2019-05-13 11:22:47.843157,31.4,1007.0,23.65
2019-05-13 11:22:48.082815,31.5,1007.0,22.98
2019-05-13 11:22:48.322507,31.5,1007.0,23.48
2019-05-13 11:22:48.562245,31.4,1007.0,23.48
2019-05-13 11:22:48.802029,31.4,1007.0,24.32
2019-05-13 11:22:49.041689,31.4,1007.0,25.32
2019-05-13 11:22:49.281386,31.5,1007.0,23.4
2019-05-13 11:22:49.521039,31.4,1007.0,25.32
2019-05-13 11:22:49.760734,31.5,1007.0,23.9
2019-05-13 11:22:50.000452,31.5,1007.0,23.73
2019-05-13 11:22:50.240113,31.6,1007.0,23.15
2019-05-13 11:22:50.479761,31.6,1007.0,23.48
2019-05-13 11:22:50.719432,31.5,1007.0,24.65
2019-05-13 11:22:50.959093,31.5,1007.0,23.23
2019-05-13 11:22:51.199202,31.5,1007.0,23.65
2019-05-13 11:22:51.439031,31.5,1007.0,22.65
2019-05-13 11:22:51.679119,31.5,1007.0,22.98
2019-05-13 11:22:51.918769,31.5,1007.0,23.9
2019-05-13 11:22:52.158503,31.5,1007.0,23.65
2019-05-13 11:22:52.398135,31.5,1007.0,23.73
2019-05-13 11:22:52.637786,31.5,1007.0,23.9
2019-05-13 11:22:52.877695,31.4,1007.0,23.9
2019-05-13 11:22:53.117296,31.4,1007.0,24.57
2019-05-13 11:22:53.357052,31.4,1007.0,23.73
2019-05-13 11:22:53.596724,31.4,1007.0,23.73
2019-05-13 11:22:53.836356,31.4,1007.0,24.4
2019-05-13 11:22:54.075858,31.5,1007.0,23.73
2019-05-13 11:22:54.315528,31.5,1007.0,23.15
2019-05-13 11:22:54.555164,31.5,1007.0,24.49
2019-05-13 11:22:54.794940,31.5,1007.0,23.9
2019-05-13 11:22:55.034603,31.4,1007.0,23.65
2019-05-13 11:22:55.274319,31.4,1007.0,24.4
2019-05-13 11:22:55.514279,31.4,1007.0,24.32
2019-05-13 11:22:55.753926,31.5,1007.0,23.4
2019-05-13 11:22:55.993607,31.5,1007.0,22.9
2019-05-13 11:22:56.233310,31.5,1007.0,21.81
2019-05-13 11:22:56.472985,31.5,1007.0,22.23
2019-05-13 11:22:56.712639,31.5,1007.0,22.73
2019-05-13 11:22:56.952590,31.4,1007.0,23.23
2019-05-13 11:22:57.192265,31.4,1007.0,23.15
2019-05-13 11:22:57.432029,31.4,1007.0,21.98
2019-05-13 11:22:57.671774,31.4,1007.0,22.65
2019-05-13 11:22:57.911501,31.5,1007.0,22.14
2019-05-13 11:22:58.151199,31.5,1007.0,22.73
2019-05-13 11:22:58.390905,31.4,1007.0,22.23
2019-05-13 11:22:58.630690,31.5,1007.0,22.14
2019-05-13 11:22:58.870375,31.4,1007.0,23.9
2019-05-13 11:22:59.110403,31.4,1007.0,23.4
2019-05-13 11:22:59.350146,31.4,1007.0,22.73
2019-05-13 11:22:59.589807,31.5,1007.0,21.81
2019-05-13 11:22:59.829517,31.5,1008.0,20.39
2019-05-13 11:23:00.069209,31.5,1008.0,21.14
2019-05-13 11:23:00.309344,31.5,1008.0,21.98
2019-05-13 11:23:00.549002,31.4,1007.0,22.48
2019-05-13 11:23:00.789349,31.4,1007.0,22.48
2019-05-13 11:23:01.029595,31.5,1007.0,21.98
2019-05-13 11:23:01.269248,31.5,1007.0,21.98
2019-05-13 11:23:01.508863,31.5,1008.0,22.23
2019-05-13 11:23:01.748835,31.5,1007.0,21.64
2019-05-13 11:23:01.988506,31.5,1008.0,22.73
2019-05-13 11:23:02.228654,31.5,1007.0,22.73
2019-05-13 11:23:02.468566,31.5,1007.0,22.98
2019-05-13 11:23:02.708749,31.6,1007.0,21.89
2019-05-13 11:23:02.948464,31.6,1008.0,21.31
2019-05-13 11:23:03.188464,31.7,1008.0,20.39
2019-05-13 11:23:03.428099,31.7,1008.0,21.14
2019-05-13 11:23:03.667746,31.6,1007.0,22.56
2019-05-13 11:23:03.907385,31.7,1008.0,21.81
2019-05-13 11:23:04.146969,31.7,1007.0,22.56
2019-05-13 11:23:04.386626,31.7,1007.0,22.56
2019-05-13 11:23:04.626225,31.7,1007.0,21.89
2019-05-13 11:23:04.865887,31.7,1007.0,22.23
2019-05-13 11:23:05.105479,31.8,1008.0,20.97
2019-05-13 11:23:05.345142,31.9,1008.0,21.14
2019-05-13 11:23:05.584752,31.8,1007.0,22.31
2019-05-13 11:23:05.824397,31.8,1007.0,22.31
2019-05-13 11:23:06.063986,31.8,1007.0,23.82
2019-05-13 11:23:06.303636,31.9,1007.0,23.23
2019-05-13 11:23:06.543910,31.9,1007.0,22.4
2019-05-13 11:23:06.783616,31.9,1008.0,21.98
2019-05-13 11:23:07.023399,32.0,1007.0,21.89
2019-05-13 11:23:07.263137,32.0,1008.0,21.73
2019-05-13 11:23:07.502795,32.0,1007.0,22.14
2019-05-13 11:23:07.742455,32.0,1007.0,22.56
2019-05-13 11:23:07.982113,32.0,1007.0,24.99
2019-05-13 11:23:08.222150,32.1,1007.0,22.65
2019-05-13 11:23:08.461805,32.1,1007.0,22.14
2019-05-13 11:23:08.701490,32.1,1008.0,22.14
2019-05-13 11:23:08.941163,32.2,1007.0,23.06
2019-05-13 11:23:09.180881,32.2,1007.0,22.65
2019-05-13 11:23:09.420575,32.2,1007.0,22.48
2019-05-13 11:23:09.660208,32.2,1007.0,21.98
2019-05-13 11:23:09.899895,32.3,1007.0,21.81
2019-05-13 11:23:10.139581,32.3,1008.0,20.81
2019-05-13 11:23:10.379282,32.3,1008.0,21.98
2019-05-13 11:23:10.618894,32.3,1007.0,23.23
2019-05-13 11:23:10.858588,32.3,1007.0,25.07
2019-05-13 11:23:11.098334,32.3,1007.0,24.15
2019-05-13 11:23:11.338029,32.4,1007.0,22.65
2019-05-13 11:23:11.577638,32.4,1007.0,22.73
2019-05-13 11:23:11.817310,32.5,1007.0,22.9
2019-05-13 11:23:12.056997,32.4,1007.0,23.98
2019-05-13 11:23:12.296692,32.4,1007.0,26.58
2019-05-13 11:23:12.536326,32.3,1007.0,26.66
2019-05-13 11:23:12.776020,32.5,1007.0,23.65
2019-05-13 11:23:13.016238,32.6,1007.0,23.9
2019-05-13 11:23:13.255926,32.6,1007.0,24.24
2019-05-13 11:23:13.495616,32.6,1007.0,23.57
2019-05-13 11:23:13.735316,32.6,1007.0,23.23
2019-05-13 11:23:13.975523,32.6,1007.0,23.23
2019-05-13 11:23:14.215114,32.6,1007.0,25.91
2019-05-13 11:23:14.454818,32.6,1007.0,26.33
2019-05-13 11:23:14.694473,32.6,1007.0,25.41
2019-05-13 11:23:14.934126,32.7,1007.0,25.74
2019-05-13 11:23:15.173736,32.7,1007.0,25.16
2019-05-13 11:23:15.413721,32.7,1007.0,24.49
2019-05-13 11:23:15.653412,32.6,1007.0,24.99
2019-05-13 11:23:15.893264,32.6,1007.0,26.16
2019-05-13 11:23:16.133015,32.6,1007.0,27.08
2019-05-13 11:23:16.372650,32.7,1007.0,26.5
2019-05-13 11:23:16.612272,32.7,1007.0,27.0
2019-05-13 11:23:16.851875,32.8,1007.0,25.07
2019-05-13 11:23:17.091533,32.8,1007.0,25.74
2019-05-13 11:23:17.331183,32.8,1007.0,25.99
2019-05-13 11:23:17.570816,32.8,1007.0,27.67
2019-05-13 11:23:17.810459,32.7,1007.0,27.92
2019-05-13 11:23:18.050087,32.7,1007.0,28.84
2019-05-13 11:23:18.289716,32.8,1007.0,28.17
2019-05-13 11:23:18.529396,32.8,1007.0,28.0
2019-05-13 11:23:18.768972,32.9,1007.0,27.5
2019-05-13 11:23:19.008668,32.9,1007.0,28.0
2019-05-13 11:23:19.247942,32.9,1007.0,27.42
2019-05-13 11:23:19.486835,32.9,1007.0,28.25
2019-05-13 11:23:19.725718,32.9,1007.0,27.25
2019-05-13 11:23:19.965262,32.9,1007.0,28.5
2019-05-13 11:23:20.205118,32.9,1007.0,30.09
2019-05-13 11:23:20.444750,32.9,1007.0,29.59
2019-05-13 11:23:20.684289,32.9,1007.0,29.42
2019-05-13 11:23:20.923836,32.9,1007.0,28.76
2019-05-13 11:23:21.163399,32.9,1007.0,29.93
2019-05-13 11:23:21.402965,32.9,1006.0,30.09
2019-05-13 11:23:21.642521,32.9,1006.0,30.85
2019-05-13 11:23:21.882198,32.9,1006.0,30.85
2019-05-13 11:23:22.121745,33.0,1007.0,30.18
2019-05-13 11:23:22.361374,33.0,1007.0,30.35
2019-05-13 11:23:22.600977,33.0,1006.0,30.43
2019-05-13 11:23:22.840610,33.0,1006.0,30.68
2019-05-13 11:23:23.080221,33.0,1006.0,31.1
2019-05-13 11:23:23.319796,33.0,1006.0,31.18
2019-05-13 11:23:23.559343,33.0,1006.0,30.43
2019-05-13 11:23:23.798981,33.0,1006.0,31.18
2019-05-13 11:23:24.038560,33.0,1006.0,31.43
2019-05-13 11:23:24.278148,32.9,1006.0,31.18
2019-05-13 11:23:24.517791,33.1,1006.0,31.1
2019-05-13 11:23:24.757376,33.0,1006.0,31.6
2019-05-13 11:23:24.996991,33.1,1006.0,31.85
2019-05-13 11:23:25.236544,33.1,1006.0,30.93
2019-05-13 11:23:25.476119,33.1,1006.0,31.1
2019-05-13 11:23:25.715707,33.1,1006.0,29.01
2019-05-13 11:23:25.955415,33.1,1006.0,31.1
2019-05-13 11:23:26.195007,33.1,1007.0,31.18
2019-05-13 11:23:26.434619,33.1,1006.0,31.35
2019-05-13 11:23:26.674329,33.1,1006.0,31.6
2019-05-13 11:23:26.913968,33.1,1006.0,32.1
2019-05-13 11:23:27.153542,33.2,1006.0,31.85
2019-05-13 11:23:27.393093,33.2,1006.0,31.69
2019-05-13 11:23:27.632682,33.2,1006.0,34.28
2019-05-13 11:23:27.872268,33.2,1006.0,33.11
2019-05-13 11:23:28.112191,33.2,1006.0,31.85
2019-05-13 11:23:28.351119,33.2,1006.0,30.51
2019-05-13 11:23:28.589899,33.2,1006.0,30.76
2019-05-13 11:23:28.828820,33.2,1006.0,31.27
2019-05-13 11:23:29.068408,33.2,1006.0,31.43
2019-05-13 11:23:29.308022,33.3,1007.0,30.26
2019-05-13 11:23:29.547601,33.3,1006.0,30.68
2019-05-13 11:23:29.787170,33.3,1006.0,31.18
2019-05-13 11:23:30.026240,33.2,1006.0,32.1
2019-05-13 11:23:30.265156,33.3,1006.0,31.52
2019-05-13 11:23:30.504033,33.3,1007.0,30.76
2019-05-13 11:23:30.743593,33.3,1006.0,30.01
2019-05-13 11:23:30.983413,33.3,1006.0,30.43
2019-05-13 11:23:31.222662,33.3,1006.0,30.43
2019-05-13 11:23:31.461918,33.3,1006.0,31.18
2019-05-13 11:23:31.701211,33.3,1007.0,30.93
2019-05-13 11:23:31.941146,33.3,1006.0,31.43
2019-05-13 11:23:32.181080,33.3,1006.0,31.02
2019-05-13 11:23:32.420044,33.4,1006.0,31.02
2019-05-13 11:23:32.658954,33.4,1006.0,30.68
2019-05-13 11:23:32.898486,33.4,1006.0,30.51
2019-05-13 11:23:33.138378,33.4,1006.0,30.26
2019-05-13 11:23:33.377979,33.4,1006.0,30.51
2019-05-13 11:23:33.617568,33.4,1006.0,30.26
2019-05-13 11:23:33.857131,33.3,1006.0,30.51
2019-05-13 11:23:34.096856,33.3,1006.0,29.76
2019-05-13 11:23:34.336459,33.4,1007.0,29.76
2019-05-13 11:23:34.576053,33.3,1006.0,30.43
2019-05-13 11:23:34.815631,33.4,1007.0,29.01
2019-05-13 11:23:35.055240,33.4,1007.0,29.34
2019-05-13 11:23:35.294864,33.4,1007.0,29.76
2019-05-13 11:23:35.534593,33.4,1007.0,28.59
2019-05-13 11:23:35.774162,33.4,1007.0,28.59
2019-05-13 11:23:36.013775,33.4,1007.0,29.34
2019-05-13 11:23:36.253359,33.4,1007.0,28.34
2019-05-13 11:23:36.492902,33.4,1007.0,29.26
2019-05-13 11:23:36.732682,33.3,1007.0,29.59
2019-05-13 11:23:36.972276,33.4,1007.0,29.01
2019-05-13 11:23:37.211924,33.4,1007.0,28.84
2019-05-13 11:23:37.451552,33.4,1007.0,29.01
2019-05-13 11:23:37.691110,33.4,1007.0,29.09
2019-05-13 11:23:37.930680,33.3,1007.0,29.26
2019-05-13 11:23:38.170232,33.3,1007.0,29.34
2019-05-13 11:23:38.409785,33.3,1007.0,29.93
2019-05-13 11:23:38.649457,33.3,1007.0,28.84
2019-05-13 11:23:38.889024,33.3,1007.0,29.09
2019-05-13 11:23:39.128662,33.4,1007.0,29.34
2019-05-13 11:23:39.368202,33.4,1007.0,29.59
2019-05-13 11:23:39.607779,33.4,1006.0,30.18
2019-05-13 11:23:39.847418,33.4,1007.0,29.84
2019-05-13 11:23:40.087034,33.4,1007.0,29.76
2019-05-13 11:23:40.326559,33.4,1006.0,31.02
2019-05-13 11:23:40.566163,33.4,1006.0,30.68
2019-05-13 11:23:40.805792,33.4,1006.0,31.18
2019-05-13 11:23:41.045603,33.4,1006.0,31.27
2019-05-13 11:23:41.285262,33.4,1006.0,31.18
2019-05-13 11:23:41.524868,33.4,1006.0,30.76
2019-05-13 11:23:41.764546,33.5,1006.0,30.09
2019-05-13 11:23:42.004249,33.5,1006.0,30.93
2019-05-13 11:23:42.244006,33.5,1006.0,31.27
2019-05-13 11:23:42.483835,33.5,1006.0,30.76
2019-05-13 11:23:42.724363,33.5,1006.0,31.69
2019-05-13 11:23:42.964944,33.5,1006.0,31.27
2019-05-13 11:23:43.204831,33.5,1006.0,31.18
2019-05-13 11:23:43.444003,33.5,1006.0,30.85
2019-05-13 11:23:43.683405,33.5,1006.0,31.27
2019-05-13 11:23:43.923052,33.5,1006.0,31.77
2019-05-13 11:23:44.162652,33.5,1006.0,32.77
2019-05-13 11:23:44.401461,33.5,1006.0,32.19
2019-05-13 11:23:44.640303,33.6,1006.0,32.02
2019-05-13 11:23:44.879729,33.6,1006.0,31.69
2019-05-13 11:23:45.119330,33.6,1006.0,31.94
2019-05-13 11:23:45.358935,33.6,1006.0,31.35
2019-05-13 11:23:45.598606,33.6,1006.0,30.01
2019-05-13 11:23:45.838368,33.6,1006.0,32.69
2019-05-13 11:23:46.078024,33.6,1006.0,31.77
2019-05-13 11:23:46.317698,33.7,1006.0,32.44
2019-05-13 11:23:46.557414,33.7,1006.0,32.02
2019-05-13 11:23:46.796991,33.7,1006.0,31.35
2019-05-13 11:23:47.036608,33.7,1006.0,31.35
2019-05-13 11:23:47.276228,33.7,1006.0,32.02
2019-05-13 11:23:47.515853,33.7,1006.0,31.1
2019-05-13 11:23:47.755487,33.7,1007.0,31.27
2019-05-13 11:23:47.995111,33.7,1006.0,32.52
2019-05-13 11:23:48.234729,33.7,1006.0,32.1
2019-05-13 11:23:48.474371,33.7,1006.0,31.85
2019-05-13 11:23:48.713951,33.7,1006.0,31.77
2019-05-13 11:23:48.953582,33.8,1006.0,33.19
2019-05-13 11:23:49.193225,33.7,1006.0,31.77
2019-05-13 11:23:49.432858,33.7,1006.0,32.1
2019-05-13 11:23:49.672448,33.8,1006.0,31.85
2019-05-13 11:23:49.912139,33.8,1006.0,31.52
2019-05-13 11:23:50.151767,33.8,1006.0,31.1
2019-05-13 11:23:50.392338,33.8,1006.0,31.6
2019-05-13 11:23:50.632115,33.8,1006.0,31.6
2019-05-13 11:23:50.872224,33.8,1006.0,31.6
2019-05-13 11:23:51.111896,33.8,1006.0,32.02
2019-05-13 11:23:51.351935,33.8,1006.0,32.1
2019-05-13 11:23:51.591904,33.8,1006.0,31.35
2019-05-13 11:23:51.831858,33.8,1006.0,32.1
2019-05-13 11:23:52.071642,33.8,1006.0,32.52
2019-05-13 11:23:52.311630,33.8,1006.0,31.85
2019-05-13 11:23:52.551600,33.8,1006.0,32.77
2019-05-13 11:23:52.791655,33.8,1006.0,32.77
2019-05-13 11:23:53.031395,33.6,1006.0,36.79
2019-05-13 11:23:53.271294,33.7,1006.0,34.78
2019-05-13 11:23:53.511011,33.7,1006.0,32.1
2019-05-13 11:23:53.750679,33.8,1006.0,30.6
2019-05-13 11:23:53.990356,33.8,1006.0,30.09
2019-05-13 11:23:54.229989,33.7,1006.0,30.35
2019-05-13 11:23:54.470117,33.6,1006.0,31.27
2019-05-13 11:23:54.709803,33.6,1006.0,30.85
2019-05-13 11:23:54.949656,33.5,1007.0,30.35
2019-05-13 11:23:55.189224,33.5,1006.0,30.09
2019-05-13 11:23:55.428877,33.5,1007.0,27.92
2019-05-13 11:23:55.668536,33.5,1007.0,26.66
2019-05-13 11:23:55.908183,33.6,1007.0,25.66
2019-05-13 11:23:56.147778,33.5,1007.0,25.66
2019-05-13 11:23:56.387860,33.5,1007.0,26.08
2019-05-13 11:23:56.627669,33.4,1007.0,24.4
2019-05-13 11:23:56.867308,33.3,1007.0,23.73
2019-05-13 11:23:57.106901,33.2,1007.0,23.48
2019-05-13 11:23:57.346538,33.2,1007.0,22.4
2019-05-13 11:23:57.586355,33.2,1007.0,22.65
2019-05-13 11:23:57.825982,33.1,1007.0,21.98
2019-05-13 11:23:58.065593,33.2,1008.0,20.3
2019-05-13 11:23:58.305234,33.2,1008.0,19.13
2019-05-13 11:23:58.544862,33.1,1008.0,18.63
2019-05-13 11:23:58.784516,33.1,1008.0,18.05
2019-05-13 11:23:59.024601,33.1,1008.0,16.71
2019-05-13 11:23:59.264246,33.0,1008.0,16.62
2019-05-13 11:23:59.503816,32.9,1008.0,15.96
2019-05-13 11:23:59.743395,32.9,1008.0,14.2
2019-05-13 11:23:59.983029,32.9,1009.0,13.78
2019-05-13 11:24:00.222814,32.8,1008.0,12.03
2019-05-13 11:24:00.462493,32.8,1009.0,12.28
2019-05-13 11:24:00.702188,32.8,1009.0,11.11
2019-05-13 11:24:00.941806,32.7,1009.0,11.94
2019-05-13 11:24:01.181498,32.6,1009.0,13.87
2019-05-13 11:24:01.421131,32.6,1009.0,12.36
2019-05-13 11:24:01.660712,32.6,1009.0,11.19
2019-05-13 11:24:01.900649,32.7,1009.0,8.85
2019-05-13 11:24:02.140282,32.8,1009.0,7.35
2019-05-13 11:24:02.380329,32.8,1009.0,7.1
2019-05-13 11:24:02.620455,32.7,1009.0,4.76
2019-05-13 11:24:02.860329,32.8,1010.0,5.34
2019-05-13 11:24:03.099969,32.4,1009.0,12.45
2019-05-13 11:24:03.339958,32.6,1009.0,7.85
2019-05-13 11:24:03.579569,32.4,1009.0,11.61
2019-05-13 11:24:03.819259,32.7,1009.0,6.43
2019-05-13 11:24:04.058901,32.8,1009.0,5.59
2019-05-13 11:24:04.298486,32.9,1009.0,5.59
2019-05-13 11:24:04.538081,32.8,1009.0,6.6
2019-05-13 11:24:04.777710,32.7,1009.0,7.85
2019-05-13 11:24:05.017865,32.7,1009.0,7.85
2019-05-13 11:24:05.257448,32.8,1009.0,7.35
2019-05-13 11:24:05.497092,32.9,1009.0,6.01
2019-05-13 11:24:05.736733,32.9,1010.0,5.84
2019-05-13 11:24:05.976371,32.8,1009.0,7.85
2019-05-13 11:24:06.215969,32.8,1009.0,8.35
2019-05-13 11:24:06.455633,32.8,1009.0,8.18
2019-05-13 11:24:06.695238,32.8,1009.0,8.85
2019-05-13 11:24:06.934862,32.7,1009.0,9.77
2019-05-13 11:24:07.174464,32.7,1009.0,9.6
2019-05-13 11:24:07.414076,32.7,1009.0,9.52
2019-05-13 11:24:07.653762,32.8,1009.0,9.52
2019-05-13 11:24:07.893389,32.8,1009.0,8.6
2019-05-13 11:24:08.132978,32.8,1009.0,8.69
2019-05-13 11:24:08.372662,32.8,1009.0,7.68
2019-05-13 11:24:08.612406,32.8,1009.0,7.6
2019-05-13 11:24:08.852610,32.8,1009.0,8.43
2019-05-13 11:24:09.092277,32.8,1009.0,7.68
2019-05-13 11:24:09.331973,32.8,1009.0,6.93
2019-05-13 11:24:09.571642,32.8,1009.0,8.18
2019-05-13 11:24:09.811354,32.8,1009.0,7.6
2019-05-13 11:24:10.051017,32.8,1009.0,7.68
2019-05-13 11:24:10.290691,32.8,1009.0,7.6
2019-05-13 11:24:10.530344,32.8,1009.0,8.85
2019-05-13 11:24:10.770082,32.8,1009.0,8.85
2019-05-13 11:24:11.009606,32.8,1009.0,8.6
2019-05-13 11:24:11.248754,32.8,1009.0,9.27
2019-05-13 11:24:11.487558,32.8,1009.0,7.93
2019-05-13 11:24:11.726341,32.8,1009.0,8.35
2019-05-13 11:24:11.965791,32.8,1009.0,8.85
2019-05-13 11:24:12.205409,32.8,1009.0,8.69
2019-05-13 11:24:12.445041,32.8,1009.0,7.85
2019-05-13 11:24:12.684611,32.8,1009.0,8.1
2019-05-13 11:24:12.924546,32.9,1009.0,7.43
2019-05-13 11:24:13.164469,32.9,1009.0,7.18
2019-05-13 11:24:13.404075,32.9,1009.0,7.6
2019-05-13 11:24:13.643641,32.9,1009.0,7.85
2019-05-13 11:24:13.883727,32.9,1009.0,8.69
2019-05-13 11:24:14.122700,32.9,1009.0,8.43
2019-05-13 11:24:14.361580,32.9,1009.0,8.43
2019-05-13 11:24:14.600353,32.9,1009.0,8.18
2019-05-13 11:24:14.840680,32.9,1009.0,8.6
2019-05-13 11:24:15.080362,32.9,1009.0,8.43
2019-05-13 11:24:15.320038,32.9,1009.0,8.18
2019-05-13 11:24:15.559654,32.9,1009.0,7.68
2019-05-13 11:24:15.799354,32.9,1009.0,7.85
2019-05-13 11:24:16.039045,32.9,1009.0,7.85
2019-05-13 11:24:16.278697,32.9,1009.0,8.18
2019-05-13 11:24:16.518388,32.9,1009.0,8.69
2019-05-13 11:24:16.758067,32.9,1009.0,7.26
2019-05-13 11:24:16.997692,32.9,1009.0,8.1
2019-05-13 11:24:17.237399,32.9,1009.0,8.6
2019-05-13 11:24:17.477036,32.9,1009.0,8.1
2019-05-13 11:24:17.716628,32.9,1009.0,8.35
2019-05-13 11:24:17.956697,32.9,1009.0,7.43
2019-05-13 11:24:18.195497,32.9,1009.0,8.6
2019-05-13 11:24:18.434313,32.9,1009.0,8.69
2019-05-13 11:24:18.673516,32.9,1009.0,8.35
2019-05-13 11:24:18.913288,32.9,1009.0,8.35
2019-05-13 11:24:19.152899,32.9,1009.0,8.43
2019-05-13 11:24:19.392519,32.9,1009.0,8.85
2019-05-13 11:24:19.632229,32.8,1009.0,9.35
2019-05-13 11:24:19.871856,32.8,1009.0,9.19
